{"cameraMode":{"drawMode":0,"name":"Shaded","section":"Shading Mode"},"sceneLighting":false,"audioPlay":false,"sceneViewState":{"m_AlwaysRefresh":false,"showFog":true,"showSkybox":false,"showFlares":true,"showImageEffects":true,"showParticleSystems":true,"showVisualEffectGraphs":true,"m_FxEnabled":true},"in2DMode":false,"pivot":{"x":65.65603637695313,"y":0.7032291889190674,"z":26.882753372192384},"rotation":{"x":-0.012500284239649773,"y":-0.9801058173179627,"z":0.06507372856140137,"w":-0.18749575316905976},"size":0.5569649338722229,"orthographic":false}