{"cameraMode":{"drawMode":0,"name":"Shaded","section":"Shading Mode"},"sceneLighting":false,"audioPlay":false,"sceneViewState":{"m_AlwaysRefresh":false,"showFog":true,"showSkybox":false,"showFlares":true,"showImageEffects":true,"showParticleSystems":true,"showVisualEffectGraphs":true,"m_FxEnabled":true},"in2DMode":false,"pivot":{"x":-4.172325134277344e-7,"y":-0.08972004055976868,"z":-0.11831808090209961},"rotation":{"x":-0.20445354282855988,"y":0.04217147082090378,"z":-0.007704508490860462,"w":-0.9790694117546082},"size":1.7299346923828126,"orthographic":false}